faa,name,tz,tzone
04G,Lansdowne Airport,-5,America/New_York
06A,Moton Field Municipal Airport,-6,America/Chicago
06C,Schaumburg Regional,-6,America/Chicago
06N,Randall Airport,-5,America/New_York
09J,Jekyll Island Airport,-5,America/New_York
0A9,Elizabethton Municipal Airport,-5,America/New_York
0G6,Williams County Airport,-5,America/New_York
0G7,Finger Lakes Regional Airport,-5,America/New_York
0P2,Shoestring Aviation Airfield,-5,America/New_York
0S9,Jefferson County Intl,-8,America/Los_Angeles
0W3,Harford County Airport,-5,America/New_York
10C,Galt Field Airport,-6,America/Chicago
17G,Port Bucyrus-Crawford County Airport,-5,America/New_York
19A,Jackson County Airport,-5,America/New_York
1A3,Martin Campbell Field Airport,-5,America/New_York
1B9,Mansfield Municipal,-5,America/New_York
1C9,Frazier Lake Airpark,-8,America/Vancouver
1CS,Clow International Airport,-6,America/Chicago
1G3,Kent State Airport,-5,America/New_York
1G4,Grand Canyon West Airport,-7,America/Phoenix
1H2,Effingham Memorial Airport,-6,America/Chicago
1OH,Fortman Airport,-5,America/New_York
1RL,Point Roberts Airpark,-8,America/Los_Angeles
23M,Clarke CO,-6,America/Chicago
24C,Lowell City Airport,-5,America/New_York
24J,Suwannee County Airport,-5,America/New_York
25D,Forest Lake Airport,-6,America/Chicago
29D,Grove City Airport,-5,America/New_York
2A0,Mark Anton Airport,-5,America/New_York
2B2,Plum Island Airport,-5,America/New_York
2G2,Jefferson County Airpark,-5,America/New_York
2G9,Somerset County Airport,-5,America/New_York
2H0,Shelby County Airport,-6,America/Chicago
2J9,Quincy Municipal Airport,-5,America/New_York
369,Atmautluak Airport,-9,America/Anchorage
36U,Heber City Municipal Airport,-7,America/Denver
38W,Lynden Airport,-8,America/Los_Angeles
3D2,Ephraim-Gibraltar Airport,-6,America/Chicago
3G3,Wadsworth Municipal,-5,America/New_York
3G4,Ashland County Airport,-5,America/New_York
3J1,Ridgeland Airport,-5,America/New_York
3W2,Put-in-Bay Airport,-5,America/New_York
40J,Perry-Foley Airport,-5,America/New_York
41N,Braceville Airport,-5,America/New_York
47A,Cherokee County Airport,-5,America/New_York
49A,Gilmer County Airport,-5,America/New_York
49X,Chemehuevi Valley,-8,America/Los_Angeles
4A4,Polk County Airport - Cornelius Moore Field,-5,America/New_York
4A7,Clayton County Tara Field,-5,America/New_York
4A9,Isbell Field Airport,-6,America/Chicago
4B8,Robertson Field,-5,America/New_York
4G0,Pittsburgh-Monroeville Airport,-5,America/New_York
4G2,Hamburg Inc Airport,-5,America/New_York
4G4,Youngstown Elser Metro Airport,-5,America/New_York
4I7,Putnam County Airport,-5,America/New_York
4U9,Dell Flight Strip,-7,America/Denver
52A,Madison GA Municipal Airport,-5,America/New_York
54J,DeFuniak Springs Airport,-6,America/Chicago
55J,Fernandina Beach Municipal Airport,-5,America/New_York
55S,Packwood,-8,America/Los_Angeles
57C,East Troy Municipal Airport,-6,America/Chicago
5B2,Saratoga County Airport,-5,America/New_York
60J,Ocean Isle Beach Airport,-5,America/New_York
6A2,Griffin-Spalding County Airport,-5,America/New_York
6J4,Saluda County,-5,America/New_York
6K8,Tok Junction Airport,-9,America/Anchorage
6S0,Big Timber Airport,-7,America/Denver
6S2,Florence,-8,America/Los_Angeles
6Y8,Welke Airport,-5,America/New_York
70J,Cairo-Grady County Airport,-5,America/New_York
70N,Spring Hill Airport,-5,America/New_York
7A4,Foster Field,-6,America/Chicago
7D9,Germack Airport,-5,America/New_York
7N7,Spitfire Aerodrome,-5,America/New_York
8M8,Garland Airport,-5,America/New_York
93C,Richland Airport,-6,America/Chicago
99N,Bamberg County Airport,-5,America/New_York
9A1,Covington Municipal Airport,-5,America/New_York
9A5,Barwick Lafayette Airport,-5,America/New_York
9G1,Rock Airport,-5,America/New_York
A39,Phoenix Regional Airport,-7,America/Phoenix
A50,Colorado Springs East,-7,America/Denver
AAF,Apalachicola Regional Airport,-5,America/New_York
AAP,Andrau Airport,-6,America/Chicago
ABE,Lehigh Valley Intl,-5,America/New_York
ABI,Abilene Rgnl,-6,America/Chicago
ABL,Ambler Airport,-9,America/Anchorage
ABQ,Albuquerque International Sunport,-7,America/Denver
ABR,Aberdeen Regional Airport,-6,America/Chicago
ABY,Southwest Georgia Regional Airport,-5,America/New_York
ACJ,Jimmy Carter Regional,-5,America/New_York
ACK,Nantucket Mem,-5,America/New_York
ACT,Waco Rgnl,-6,America/Chicago
ACV,Arcata,-8,America/Los_Angeles
ACY,Atlantic City Intl,-5,America/New_York
ADK,Adak Airport,-9,America/Anchorage
ADM,Ardmore Muni,-6,America/Chicago
ADQ,Kodiak,-9,America/Anchorage
ADS,Addison,-6,America/Chicago
ADW,Andrews Afb,-5,America/New_York
AET,Allakaket Airport,-9,America/Anchorage
AEX,Alexandria Intl,-6,America/Chicago
AFE,Kake Airport,-9,America/Anchorage
AFW,Fort Worth Alliance Airport,-6,America/Chicago
AGC,Allegheny County Airport,-5,America/New_York
AGN,Angoon Seaplane Base,-9,America/Anchorage
AGS,Augusta Rgnl At Bush Fld,-5,America/New_York
AHN,Athens Ben Epps Airport,-5,America/New_York
AIA,Alliance Municipal Airport,-7,America/Denver
AIK,Municipal Airport,-5,America/New_York
AIN,Wainwright Airport,-9,America/Anchorage
AIZ,Lee C Fine Memorial Airport,-6,America/Chicago
AKB,Atka Airport,-9,America/Anchorage
AKC,Akron Fulton Intl,-5,America/New_York
AKI,Akiak Airport,-9,America/Anchorage
AKK,Akhiok Airport,-9,America/Anchorage
AKN,King Salmon,-9,America/Anchorage
AKP,Anaktuvuk Pass Airport,-9,America/Anchorage
ALB,Albany Intl,-5,America/New_York
ALI,Alice Intl,-6,America/Chicago
ALM,Alamogordo White Sands Regional Airport,-7,America/Denver
ALO,Waterloo Regional Airport,-6,America/Chicago
ALS,San Luis Valley Regional Airport,-7,America/Denver
ALW,Walla Walla Regional Airport,-8,America/Los_Angeles
ALX,Alexandria,-5,America/New_York
ALZ,Alitak Seaplane Base,-9,America/Anchorage
AMA,Rick Husband Amarillo Intl,-6,America/Chicago
ANB,Anniston Metro,-6,America/Chicago
ANC,Ted Stevens Anchorage Intl,-9,America/Anchorage
AND,Anderson Rgnl,-5,America/New_York
ANI,Aniak Airport,-9,America/Anchorage
ANN,Annette Island,-9,America/Anchorage
ANP,Lee Airport,-5,America/New_York
ANQ,Tri-State Steuben County Airport,-5,America/New_York
ANV,Anvik Airport,-9,America/Anchorage
AOH,Lima Allen County Airport,-5,America/New_York
AOO,Altoona Blair Co,-5,America/New_York
AOS,Amook Bay Seaplane Base,-9,America/Anchorage
APA,Centennial,-7,America/Denver
APC,Napa County Airport,-8,America/Los_Angeles
APF,Naples Muni,-5,America/New_York
APG,Phillips Aaf,-5,America/New_York
APN,Alpena County Regional Airport,-5,America/New_York
AQC,Klawock Seaplane Base,-9,America/Anchorage
ARA,Acadiana Rgnl,-6,America/Chicago
ARB,Ann Arbor Municipal Airport,-5,America/New_York
ARC,Arctic Village Airport,-9,America/Anchorage
ART,Watertown Intl,-5,America/New_York
ARV,Lakeland,-6,America/Chicago
ASE,Aspen Pitkin County Sardy Field,-7,America/Denver
ASH,Boire Field Airport,-5,America/New_York
AST,Astoria Regional Airport,-8,America/Los_Angeles
ATK,Atqasuk Edward Burnell Sr Memorial Airport,-9,America/Anchorage
ATL,Hartsfield Jackson Atlanta Intl,-5,America/New_York
ATT,Camp Mabry Austin City,-6,America/Chicago
ATW,Appleton,-6,America/Chicago
ATY,Watertown Regional Airport,-6,America/Chicago
AUG,Augusta State,-5,America/New_York
AUK,Alakanuk Airport,-9,America/Anchorage
AUO,Auburn University Regional,-6,America/Chicago
AUS,Austin Bergstrom Intl,-6,America/Chicago
AUW,Wausau Downtown Airport,-6,America/Chicago
AVL,Asheville Regional Airport,-5,America/New_York
AVO,Executive,-5,America/New_York
AVP,Wilkes Barre Scranton Intl,-5,America/New_York
AVW,Marana Regional,-7,America/Phoenix
AVX,Avalon,-8,America/Los_Angeles
AZA,Phoenix-Mesa Gateway,-7,America/Phoenix
AZO,Kalamazoo,-5,America/New_York
BAB,Beale Afb,-8,America/Los_Angeles
BAD,Barksdale Afb,-6,America/Chicago
BAF,Barnes Municipal,-5,America/New_York
BBX,Wings Field,-5,America/New_York
BCE,Bryce Canyon,-7,America/Denver
BCT,Boca Raton,-5,America/New_York
BDE,Baudette Intl,-6,America/Chicago
BDL,Bradley Intl,-5,America/New_York
BDR,Igor I Sikorsky Mem,-5,America/New_York
BEC,Beech Factory Airport,-6,America/Chicago
BED,Laurence G Hanscom Fld,-5,America/New_York
BEH,Southwest Michigan Regional Airport,-5,America/New_York
BET,Bethel,-9,America/Anchorage
BFD,Bradford Regional Airport,-5,America/New_York
BFF,Western Nebraska Regional Airport,-7,America/Denver
BFI,Boeing Fld King Co Intl,-8,America/Los_Angeles
BFL,Meadows Fld,-8,America/Los_Angeles
BFM,Mobile Downtown,-6,America/Chicago
BFP,Beaver Falls,-5,America/New_York
BFT,Beaufort,-5,America/New_York
BGE,Decatur County Industrial Air Park,-5,America/New_York
BGM,Greater Binghamton Edwin A Link Fld,-5,America/New_York
BGR,Bangor Intl,-5,America/New_York
BHB,Hancock County - Bar Harbor,-5,America/New_York
BHM,Birmingham Intl,-6,America/Chicago
BID,Block Island State Airport,-5,America/New_York
BIF,Biggs Aaf,-7,America/Denver
BIG,Allen Aaf,-9,America/Anchorage
BIL,Billings Logan International Airport,-7,America/Denver
BIS,Bismarck Municipal Airport,-6,America/Chicago
BIV,Tulip City Airport,-5,America/New_York
BIX,Keesler Afb,-6,America/Chicago
BJC,Rocky Mountain Metropolitan Airport,-7,America/Denver
BJI,Bemidji Regional Airport,-6,America/Chicago
BKC,Buckland Airport,-9,America/Anchorage
BKD,Stephens Co,-6,America/Chicago
BKF,Buckley Afb,-7,America/Denver
BKG,Branson LLC,-6,America/Chicago
BKH,Barking Sands Pmrf,-10,Pacific/Honolulu
BKL,Burke Lakefront Airport,-5,America/New_York
BKW,Raleigh County Memorial Airport,-5,America/New_York
BKX,Brookings Regional Airport,-6,America/Chicago
BLD,Boulder City Municipal Airport,-7,America/Phoenix
BLF,Mercer County Airport,-5,America/New_York
BLH,Blythe Airport,-8,America/Los_Angeles
BLI,Bellingham Intl,-8,America/Los_Angeles
BLV,Scott Afb Midamerica,-6,America/Chicago
BMC,Brigham City,-7,America/Denver
BMG,Monroe County Airport,-5,America/New_York
BMI,Central Illinois Rgnl,-6,America/Chicago
BMT,Beaumont Municipal,-6,America/Chicago
BMX,Big Mountain Afs,-9,America/Anchorage
BNA,Nashville Intl,-6,America/Chicago
BOI,Boise Air Terminal,-7,America/Denver
BOS,General Edward Lawrence Logan Intl,-5,America/New_York
BOW,Bartow Municipal Airport,-5,America/New_York
BPT,Southeast Texas Rgnl,-6,America/Chicago
BQK,Brunswick Golden Isles Airport,-5,America/New_York
BRD,Brainerd Lakes Rgnl,-6,America/Chicago
BRL,Southeast Iowa Regional Airport,-6,America/Chicago
BRO,Brownsville South Padre Island Intl,-6,America/Chicago
BRW,Wiley Post Will Rogers Mem,-9,America/Anchorage
BSF,Bradshaw Aaf,-10,Pacific/Honolulu
BTI,Barter Island Lrrs,-9,America/Anchorage
BTM,Bert Mooney Airport,-7,America/Denver
BTR,Baton Rouge Metro Ryan Fld,-6,America/Chicago
BTT,Bettles,-9,America/Anchorage
BTV,Burlington Intl,-5,America/New_York
BUF,Buffalo Niagara Intl,-5,America/New_York
BUR,Bob Hope,-8,America/Los_Angeles
BUU,Municipal Airport,-6,America/Chicago
BUY,Burlington-Alamance Regional Airport,-5,America/New_York
BVY,Beverly Municipal Airport,-5,America/New_York
BWD,KBWD,-6,America/Chicago
BWG,Bowling Green-Warren County Regional Airport,-6,America/Chicago
BWI,Baltimore Washington Intl,-5,America/New_York
BXK,Buckeye Municipal Airport,-7,America/Phoenix
BXS,Borrego Valley Airport,-8,America/Los_Angeles
BYH,Arkansas Intl,-6,America/Chicago
BYS,Bicycle Lake Aaf,-8,America/Los_Angeles
BYW,Blakely Island Airport,-8,America/Los_Angeles
BZN,Gallatin Field,-7,America/Denver
C02,Grand Geneva Resort Airport,-6,America/Chicago
C16,Frasca Field,-6,America/Chicago
C47,Portage Municipal Airport,-6,America/Chicago
C65,Plymouth Municipal Airport,-5,America/New_York
C89,Sylvania Airport,-6,America/Chicago
C91,Dowagiac Municipal Airport,-5,America/New_York
CAE,Columbia Metropolitan,-5,America/New_York
CAK,Akron Canton Regional Airport,-5,America/New_York
CAR,Caribou Muni,-5,America/New_York
CBE,Greater Cumberland Rgnl.,-5,America/New_York
CBM,Columbus Afb,-6,America/Chicago
CCO,Coweta County Airport,-5,America/New_York
CCR,Buchanan Field Airport,-8,America/Los_Angeles
CDB,Cold Bay,-9,America/Anchorage
CDC,Cedar City Rgnl,-7,America/Denver
CDI,Cambridge Municipal Airport,-5,America/New_York
CDK,CedarKey,-5,America/New_York
CDN,Woodward Field,-5,America/New_York
CDR,Chadron Municipal Airport,-7,America/Denver
CDS,Childress Muni,-6,America/Chicago
CDV,Merle K Mudhole Smith,-9,America/Anchorage
CDW,Caldwell Essex County Airport,-5,America/New_York
CEC,Del Norte County Airport,-8,America/Los_Angeles
CEF,Westover Arb Metropolitan,-5,America/New_York
CEM,Central Airport,-9,America/Anchorage
CEU,Clemson,-5,America/New_York
CEW,Bob Sikes,-6,America/Chicago
CEZ,Cortez Muni,-7,America/Denver
CFD,Coulter Fld,-6,America/Chicago
CGA,Craig Seaplane Base,-9,America/Anchorage
CGC,Crystal River,-5,America/New_York
CGF,Cuyahoga County,-5,America/New_York
CGI,Cape Girardeau Regional Airport,-6,America/Chicago
CGX,Meigs Field,-6,America/Chicago
CGZ,Casa Grande Municipal Airport,-7,America/Phoenix
CHA,Lovell Fld,-5,America/New_York
CHI,All Airports,-6,America/Chicago
CHO,Charlottesville-Albemarle,-5,America/New_York
CHS,Charleston Afb Intl,-5,America/New_York
CHU,Chuathbaluk Airport,-9,America/Anchorage
CIC,Chico Muni,-8,America/Los_Angeles
CID,Cedar Rapids,-6,America/Chicago
CIK,Chalkyitsik Airport,-9,America/Anchorage
CIL,Council Airport,-9,America/Anchorage
CIU,Chippewa County International Airport,-5,America/New_York
CKB,Harrison Marion Regional Airport,-5,America/New_York
CKD,Crooked Creek Airport,-9,America/Anchorage
CKF,Crisp County Cordele Airport,-5,America/New_York
CKV,Clarksville-Montgomery County Regional Airport,-6,America/Chicago
CLC,Clear Lake Metroport,-6,America/Chicago
CLD,McClellan-Palomar Airport,-8,America/Los_Angeles
CLE,Cleveland Hopkins Intl,-5,America/New_York
CLL,Easterwood Fld,-6,America/Chicago
CLM,William R Fairchild International Airport,-8,America/Los_Angeles
CLS,Chehalis-Centralia,-8,America/Los_Angeles
CLT,Charlotte Douglas Intl,-5,America/New_York
CLW,Clearwater Air Park,-5,America/New_York
CMH,Port Columbus Intl,-5,America/New_York
CMI,Champaign,-6,America/Chicago
CMX,Houghton County Memorial Airport,-5,America/New_York
CNM,Cavern City Air Terminal,-7,America/Denver
CNW,Tstc Waco,-6,America/Chicago
CNY,Canyonlands Field,-7,America/Denver
COD,Yellowstone Rgnl,-7,America/Denver
COE,Pappy Boyington,-8,America/Los_Angeles
COF,Patrick Afb,-5,America/New_York
COI,Merritt Island Airport,-5,America/New_York
CON,Concord Municipal,-5,America/New_York
COS,City Of Colorado Springs Muni,-7,America/Denver
COT,Cotulla Lasalle Co,-6,America/Chicago
COU,Columbia Rgnl,-6,America/Chicago
CPR,Natrona Co Intl,-7,America/Denver
CPS,St. Louis Downtown Airport,-6,America/Chicago
CRE,Grand Strand Airport,-5,America/New_York
CRP,Corpus Christi Intl,-6,America/Chicago
CRW,Yeager,-5,America/New_York
CSG,Columbus Metropolitan Airport,-5,America/New_York
CTB,Cut Bank Muni,-7,America/Denver
CTH,Chester County G O Carlson Airport,-5,America/New_York
CTJ,West Georgia Regional Airport - O V Gray Field,-5,America/New_York
CTY,Cross City,-5,America/New_York
CVG,Cincinnati Northern Kentucky Intl,-5,America/New_York
CVN,Clovis Muni,-7,America/Denver
CVO,Corvallis Muni,-8,America/Los_Angeles
CVS,Cannon Afb,-7,America/Denver
CVX,Charlevoix Municipal Airport,-5,America/New_York
CWA,Central Wisconsin,-6,America/Chicago
CWI,Clinton Municipal,-6,America/Chicago
CWT,Chatsworth Station,-8,America/Los_Angeles
CXF,Coldfoot Airport,-9,America/Anchorage
CXL,Calexico Intl,-8,America/Los_Angeles
CXO,Lone Star Executive,-6,America/Chicago
CXY,Capital City Airport,-5,America/New_York
CYF,Chefornak Airport,-9,America/Anchorage
CYM,Chatham Seaplane Base,-9,America/Anchorage
CYS,Cheyenne Rgnl Jerry Olson Fld,-7,America/Denver
CYT,Yakataga Airport,-9,America/Anchorage
CZF,Cape Romanzof Lrrs,-9,America/Anchorage
CZG,Tri-Cities,-5,America/New_York
CZN,Chisana Airport,-9,America/Anchorage
DAB,Daytona Beach Intl,-5,America/New_York
DAL,Dallas Love Fld,-6,America/Chicago
DAW,Skyhaven Airport,-5,America/New_York
DAY,James M Cox Dayton Intl,-5,America/New_York
DBN,W H Barron Field,-5,America/New_York
DBQ,Dubuque Rgnl,-6,America/Chicago
DCA,Ronald Reagan Washington Natl,-5,America/New_York
DDC,Dodge City Regional Airport,-6,America/Chicago
DEC,Decatur,-6,America/Chicago
DEN,Denver Intl,-7,America/Denver
DET,Coleman A Young Muni,-5,America/New_York
DFW,Dallas Fort Worth Intl,-6,America/Chicago
DGL,Douglas Municipal Airport,-7,America/Phoenix
DHB,Deer Harbor Seaplane,-8,America/Los_Angeles
DHN,Dothan Rgnl,-6,America/Chicago
DHT,Dalhart Muni,-6,America/Chicago
DIK,Dickinson Theodore Roosevelt Regional Airport,-7,America/Denver
DKB,De Kalb Taylor Municipal Airport,-6,America/Chicago
DKK,Chautauqua County-Dunkirk Airport,-5,America/New_York
DKX,Knoxville Downtown Island Airport,-5,America/New_York
DLF,Laughlin Afb,-6,America/Chicago
DLG,Dillingham,-9,America/Anchorage
DLH,Duluth Intl,-6,America/Chicago
DLL,Baraboo Wisconsin Dells Airport,-6,America/Chicago
DMA,Davis Monthan Afb,-7,America/Phoenix
DNL,Daniel Field Airport,-5,America/New_York
DNN,Dalton Municipal Airport,-5,America/New_York
DNV,Vermilion Regional,-6,America/Chicago
DOV,Dover Afb,-5,America/New_York
DPA,Dupage,-6,America/Chicago
DQH,Douglas Municipal Airport,-5,America/New_York
DRG,Deering Airport,-9,America/Anchorage
DRI,Beauregard Rgnl,-6,America/Chicago
DRM,Drummond Island Airport,-5,America/New_York
DRO,Durango La Plata Co,-7,America/Denver
DRT,Del Rio Intl,-6,America/Chicago
DSM,Des Moines Intl,-6,America/Chicago
DTA,Delta Municipal Airport,-7,America/Denver
DTS,Destin,-6,America/Chicago
DTW,Detroit Metro Wayne Co,-5,America/New_York
DUC,Halliburton Field Airport,-6,America/Chicago
DUG,Bisbee Douglas Intl,-7,America/Phoenix
DUJ,DuBois Regional Airport,-5,America/New_York
DUT,Unalaska,-9,America/Anchorage
DVL,Devils Lake Regional Airport,-6,America/Chicago
DVT,Deer Valley Municipal Airport,8,Asia/Chongqing
DWA,Yolo County Airport,-8,America/Los_Angeles
DWH,David Wayne Hooks Field,-6,America/Chicago
DWS,Orlando,-5,America/New_York
DXR,Danbury Municipal Airport,-5,America/New_York
DYS,Dyess Afb,-6,America/Chicago
E25,Wickenburg Municipal Airport,-7,America/Phoenix
E51,Bagdad Airport,-7,America/Phoenix
E55,Ocean Ridge Airport,-8,America/Los_Angeles
E63,Gila Bend Municipal Airport,-7,America/Phoenix
E91,Chinle Municipal Airport,-7,America/Denver
EAA,Eagle Airport,-9,America/Anchorage
EAR,Kearney Municipal Airport,-6,America/Chicago
EAT,Pangborn Field,-8,America/Los_Angeles
EAU,Chippewa Valley Regional Airport,-6,America/Chicago
ECA,Iosco County,-5,America/New_York
ECG,Elizabeth City Cgas Rgnl,-5,America/New_York
ECP,Panama City-NW Florida Bea.,-6,America/Chicago
EDF,Elmendorf Afb,-9,America/Anchorage
EDW,Edwards Afb,-8,America/Los_Angeles
EEK,Eek Airport,-9,America/Anchorage
EEN,Dillant Hopkins Airport,-5,NA
EET,Shelby County Airport,-6,America/Chicago
EFD,Ellington Fld,-6,America/Chicago
EGA,Eagle County Airport,-7,America/Denver
EGE,Eagle Co Rgnl,-7,America/Denver
EGT,Wellington Municipal,-6,America/Chicago
EGV,Eagle River,-6,America/Chicago
EGX,Egegik Airport,-9,America/Anchorage
EHM,Cape Newenham Lrrs,-9,America/Anchorage
EIL,Eielson Afb,-9,America/Anchorage
EKI,Elkhart Municipal,-5,America/New_York
EKN,Elkins Randolph Co Jennings Randolph,-5,America/New_York
EKO,Elko Regional Airport,-8,America/Los_Angeles
EKY,Bessemer,-6,America/Chicago
ELD,South Arkansas Rgnl At Goodwin Fld,-6,America/Chicago
ELI,Elim Airport,-9,America/Anchorage
ELM,Elmira Corning Rgnl,-5,America/New_York
ELP,El Paso Intl,-7,America/Denver
ELV,Elfin Cove Seaplane Base,-9,America/Anchorage
ELY,Ely Airport,-8,America/Los_Angeles
EMK,Emmonak Airport,-9,America/Anchorage
EMP,Emporia Municipal Airport,-6,America/Chicago
ENA,Kenai Muni,-9,America/Anchorage
END,Vance Afb,-6,America/Chicago
ENV,Wendover,-7,America/Denver
ENW,Kenosha Regional Airport,-6,America/Chicago
EOK,Keokuk Municipal Airport,-6,America/Chicago
EPM,Eastport Municipal Airport,-5,America/New_York
EQY,Monroe Reqional Airport,-5,America/New_York
ERI,Erie Intl Tom Ridge Fld,-5,America/New_York
ERV,Kerrville Municipal Airport,-6,America/Chicago
ERY,Luce County Airport,-5,America/New_York
ESC,Delta County Airport,-5,America/New_York
ESD,Orcas Island Airport,-8,America/Los_Angeles
ESF,Esler Rgnl,-6,America/Chicago
ESN,Easton-Newnam Field Airport,-5,America/New_York
EUF,Weedon Field,-6,America/Chicago
EUG,Mahlon Sweet Fld,-8,America/Los_Angeles
EVV,Evansville Regional,-6,America/Chicago
EVW,Evanston-Uinta CO Burns Fld,-7,America/Denver
EWB,New Bedford Regional Airport,-5,America/New_York
EWK,Newton City-County Airport,-6,America/Chicago
EWN,Craven Co Rgnl,-5,America/New_York
EWR,Newark Liberty Intl,-5,America/New_York
EXI,Excursion Inlet Seaplane Base,-9,America/Anchorage
EYW,Key West Intl,-5,America/New_York
F57,Seaplane Base,-5,America/New_York
FAF,Felker Aaf,-5,America/New_York
FAI,Fairbanks Intl,-9,America/Anchorage
FAR,Hector International Airport,-6,America/Chicago
FAT,Fresno Yosemite Intl,-8,America/Los_Angeles
FAY,Fayetteville Regional Grannis Field,-5,America/New_York
FBG,Fredericksburg Amtrak Station,-5,America/New_York
FBK,Ladd Aaf,-9,America/Anchorage
FBR,Fort Bridger,-7,America/Denver
FBS,Friday Harbor Seaplane Base,-8,America/Los_Angeles
FCA,Glacier Park Intl,-7,America/Denver
FCM,Flying Cloud Airport,-6,America/Chicago
FCS,Butts Aaf,-7,America/Denver
FDW,Fairfield County Airport,-5,America/New_York
FDY,Findlay Airport,-5,America/New_York
FFA,First Flight Airport,-5,America/New_York
FFC,Atlanta Regional Airport - Falcon Field,-5,America/New_York
FFO,Wright Patterson Afb,-5,America/New_York
FFT,Capital City Airport,-5,America/New_York
FFZ,Mesa Falcon Field,-7,America/Phoenix
FHU,Sierra Vista Muni Libby Aaf,-7,America/Phoenix
FIT,Fitchburg Municipal Airport,-5,America/New_York
FKL,Franklin,-5,America/New_York
FLD,Fond Du Lac County Airport,-6,America/Chicago
FLG,Flagstaff Pulliam Airport,-7,America/Phoenix
FLL,Fort Lauderdale Hollywood Intl,-5,America/New_York
FLO,Florence Rgnl,-5,America/New_York
FLV,Sherman Aaf,-6,America/Chicago
FME,Tipton,-5,America/New_York
FMH,Otis Angb,-5,America/New_York
FMN,Four Corners Rgnl,-7,America/Denver
FMY,Page Fld,-5,America/New_York
FNL,Fort Collins Loveland Muni,-7,America/Denver
FNR,Funter Bay Seaplane Base,-9,America/Anchorage
FNT,Bishop International,-5,America/New_York
FOD,Fort Dodge Rgnl,-6,America/Chicago
FOE,Forbes Fld,-6,America/Chicago
FOK,Francis S Gabreski,-5,America/New_York
FRD,Friday Harbor Airport,-8,America/Los_Angeles
FRI,Marshall Aaf,-6,America/Chicago
FRN,Bryant Ahp,-9,America/Anchorage
FRP,St Lucie County International Airport,-5,America/New_York
FSD,Sioux Falls,-6,America/Chicago
FSI,Henry Post Aaf,-6,America/Chicago
FSM,Fort Smith Rgnl,-6,America/Chicago
FST,Fort Stockton Pecos Co,-6,America/Chicago
FTK,Godman Aaf,-5,America/New_York
FTW,Fort Worth Meacham Intl,-6,America/Chicago
FTY,Fulton County Airport Brown Field,-5,America/New_York
FUL,Fullerton Municipal Airport,-8,America/Los_Angeles
FWA,Fort Wayne,-5,America/New_York
FXE,Fort Lauderdale Executive,-5,America/New_York
FYU,Fort Yukon,-9,America/Anchorage
FYV,Drake Fld,-6,America/Chicago
FZG,Fitzgerald Municipal Airport,-5,America/New_York
FZI,Fostoria Metropolitan Airport,-5,America/New_York
GAD,Northeast Alabama Regional Airport,-6,America/Chicago
GAI,Montgomery County Airpark,-5,America/New_York
GAL,Edward G Pitka Sr,-9,America/Anchorage
GAM,Gambell Airport,-9,America/Anchorage
GBN,Great Bend Municipal,-6,America/Chicago
GCC,Gillette-Campbell County Airport,-7,America/Denver
GCK,Garden City Rgnl,-6,America/Chicago
GCN,Grand Canyon National Park Airport,-7,America/Phoenix
GCW,Grand Canyon West Airport,-7,America/Phoenix
GDV,Dawson Community Airport,-7,America/Denver
GDW,Gladwin Zettel Memorial Airport,-5,America/New_York
GED,Sussex Co,-5,America/New_York
GEG,Spokane Intl,-8,America/Los_Angeles
GEU,Glendale Municipal Airport,-7,America/Phoenix
GFK,Grand Forks Intl,-6,America/Chicago
GFL,Floyd Bennett Memorial Airport,-5,America/New_York
GGE,Georgetown County Airport,-5,America/New_York
GGG,East Texas Rgnl,-6,America/Chicago
GGW,Wokal Field Glasgow International Airport,-7,America/Denver
GHG,Marshfield Municipal Airport,-5,America/New_York
GIF,Gilbert Airport,-5,America/New_York
GJT,Grand Junction Regional,-7,America/Denver
GKN,Gulkana,-9,America/Anchorage
GKY,Arlington Municipal,-6,America/Chicago
GLD,Renner Fld,-7,America/Denver
GLH,Mid Delta Regional Airport,-6,America/Chicago
GLS,Scholes Intl At Galveston,-6,America/Chicago
GLV,Golovin Airport,-9,America/Anchorage
GNT,Grants Milan Muni,-7,America/Denver
GNU,Goodnews Airport,-9,America/Anchorage
GNV,Gainesville Rgnl,-5,America/New_York
GON,Groton New London,-5,America/New_York
GPT,Gulfport-Biloxi,-6,America/Chicago
GPZ,Grand Rapids Itasca County,-6,America/Chicago
GQQ,Galion Municipal Airport,-5,America/New_York
GRB,Austin Straubel Intl,-6,America/Chicago
GRF,Gray Aaf,-8,America/Los_Angeles
GRI,Central Nebraska Regional Airport,-6,America/Chicago
GRK,Robert Gray Aaf,-6,America/Chicago
GRM,Grand Marais Cook County Airport,-6,America/Chicago
GRR,Gerald R Ford Intl,-5,America/New_York
GSB,Seymour Johnson Afb,-5,America/New_York
GSO,Piedmont Triad,-5,America/New_York
GSP,Greenville-Spartanburg International,-5,America/New_York
GST,Gustavus Airport,-9,America/Anchorage
GTB,Wheeler Sack Aaf,-5,America/New_York
GTF,Great Falls Intl,-7,America/Denver
GTR,Golden Triangle Regional Airport,-6,America/Chicago
GTU,Georgetown Municipal Airport,-6,America/Chicago
GUC,Gunnison - Crested Butte,-7,America/Denver
GUP,Gallup Muni,-7,America/Denver
GUS,Grissom Arb,-5,America/New_York
GVL,Lee Gilmer Memorial Airport,-5,America/New_York
GVQ,Genesee County Airport,-5,America/New_York
GVT,Majors,-6,America/Chicago
GWO,Greenwood Leflore,-6,America/Chicago
GYY,Gary Chicago International Airport,-6,America/Chicago
HBG,Hattiesburg Bobby L. Chain Municipal Airport,-6,America/Chicago
HBR,Hobart Muni,-6,America/Chicago
HCC,Columbia County,-5,America/New_York
HCR,Holy Cross Airport,-9,America/Anchorage
HDH,Dillingham,-10,Pacific/Honolulu
HDI,Hardwick Field Airport,-5,America/New_York
HDN,Yampa Valley,-7,America/Denver
HDO,Hondo Municipal Airport,-6,America/Chicago
HFD,Hartford Brainard,-5,America/New_York
HGR,Hagerstown Regional Richard A Henson Field,-5,America/New_York
HHH,Hilton Head,-5,America/New_York
HHI,Wheeler Aaf,-10,Pacific/Honolulu
HHR,Jack Northrop Fld Hawthorne Muni,-8,America/Los_Angeles
HIB,Chisholm Hibbing,-6,America/Chicago
HIF,Hill Afb,-7,America/Denver
HII,Lake Havasu City Airport,-7,America/Phoenix
HIO,Portland Hillsboro,-8,America/Los_Angeles
HKB,Healy River Airport,-9,America/Anchorage
HKY,Hickory Rgnl,-5,America/New_York
HLG,Wheeling Ohio County Airport,-5,America/New_York
HLN,Helena Rgnl,-7,America/Denver
HLR,Hood Aaf,-6,America/Chicago
HMN,Holloman Afb,-7,America/Denver
HNH,Hoonah Airport,-9,America/Anchorage
HNL,Honolulu Intl,-10,Pacific/Honolulu
HNM,Hana,-10,Pacific/Honolulu
HNS,Haines Airport,-9,America/Anchorage
HOB,Lea Co Rgnl,-7,America/Denver
HOM,Homer,-9,America/Anchorage
HON,Huron Rgnl,-6,America/Chicago
HOP,Campbell Aaf,-6,America/Chicago
HOT,Memorial Field,-6,America/Chicago
HOU,William P Hobby,-6,America/Chicago
HPB,Hooper Bay Airport,-9,America/Anchorage
HPN,Westchester Co,-5,America/New_York
HQM,Bowerman Field,-8,America/Los_Angeles
HQU,McDuffie County Airport,-5,America/New_York
HRL,Valley Intl,-6,America/Chicago
HRO,Boone Co,-6,America/Chicago
HRT,Hurlburt Fld,-6,America/Chicago
HSH,Henderson Executive Airport,-8,America/Los_Angeles
HSL,Huslia Airport,-9,America/Anchorage
HST,Homestead Arb,-5,America/New_York
HSV,Huntsville International Airport-Carl T Jones Field,-6,America/Chicago
HTL,Roscommon Co,-5,America/New_York
HTS,Tri State Milton J Ferguson Field,-5,America/New_York
HUA,Redstone Aaf,-6,America/Chicago
HUF,Terre Haute Intl Hulman Fld,-5,America/New_York
HUL,Houlton Intl,-5,America/New_York
HUS,Hughes Airport,-9,America/Anchorage
HUT,Hutchinson Municipal Airport,-6,America/Chicago
HVN,Tweed-New Haven Airport,-5,America/New_York
HVR,Havre City Co,-7,America/Denver
HWD,Hayward Executive Airport,-8,America/Los_Angeles
HWO,North Perry,-5,America/New_York
HXD,Hilton Head Airport,-5,America/New_York
HYA,Barnstable Muni Boardman Polando Fld,-5,America/New_York
HYG,Hydaburg Seaplane Base,-9,America/Anchorage
HYL,Hollis Seaplane Base,-9,America/Anchorage
HYS,Hays Regional Airport,-6,America/Chicago
HZL,Hazleton Municipal,-5,America/New_York
IAB,Mc Connell Afb,-6,America/Chicago
IAD,Washington Dulles Intl,-5,America/New_York
IAG,Niagara Falls Intl,-5,America/New_York
IAH,George Bush Intercontinental,-6,America/Chicago
IAN,Bob Baker Memorial Airport,-9,America/Anchorage
ICT,Wichita Mid Continent,-6,America/Chicago
ICY,Icy Bay Airport,-9,America/Anchorage
IDA,Idaho Falls Rgnl,-7,America/Denver
IDL,Idlewild Intl,-5,America/New_York
IFP,Laughlin-Bullhead Intl,-7,America/Phoenix
IGG,Igiugig Airport,-9,America/Anchorage
IGM,Kingman Airport,-7,America/Phoenix
IGQ,Lansing Municipal,-6,America/Chicago
IJD,Windham Airport,-5,America/New_York
IKK,Greater Kankakee,-6,America/Chicago
IKO,Nikolski Air Station,-9,America/Anchorage
IKR,Kirtland Air Force Base,-7,America/Denver
IKV,Ankeny Regl Airport,-6,America/Chicago
ILG,New Castle,-5,America/New_York
ILI,Iliamna,-9,America/Anchorage
ILM,Wilmington Intl,-5,America/New_York
ILN,Wilmington Airborne Airpark,-5,America/New_York
IMM,Immokalee,-5,America/New_York
IMT,Ford Airport,-6,America/Chicago
IND,Indianapolis Intl,-5,America/New_York
INJ,Hillsboro Muni,-6,America/Chicago
INK,Winkler Co,-6,America/Chicago
INL,Falls Intl,-6,America/Chicago
INS,Creech Afb,-8,America/Los_Angeles
INT,Smith Reynolds,-5,America/New_York
INW,Winslow-Lindbergh Regional Airport,-7,America/Phoenix
IOW,Iowa City Municipal Airport,-6,America/Chicago
IPL,Imperial Co,-8,America/Los_Angeles
IPT,Williamsport Rgnl,-5,America/New_York
IRC,Circle City Airport,-9,America/Anchorage
IRK,Kirksville Regional Airport,-6,America/Chicago
ISM,Kissimmee Gateway Airport,-5,America/New_York
ISN,Sloulin Fld Intl,-6,America/Chicago
ISO,Kinston Regional Jetport,-5,America/New_York
ISP,Long Island Mac Arthur,-5,America/New_York
ISW,Alexander Field South Wood County Airport,-6,America/Chicago
ITH,Ithaca Tompkins Rgnl,-5,America/New_York
ITO,Hilo Intl,-10,Pacific/Honolulu
IWD,Gogebic Iron County Airport,-6,America/Chicago
IWS,West Houston,-6,America/Chicago
IYK,Inyokern Airport,-8,America/Los_Angeles
IZG,Eastern Slopes Regional,-5,America/New_York
JAC,Jackson Hole Airport,-7,America/Denver
JAN,Jackson Evers Intl,-6,America/Chicago
JAX,Jacksonville Intl,-5,America/New_York
JBR,Jonesboro Muni,-6,America/Chicago
JCI,New Century AirCenter Airport,-6,America/Chicago
JEF,Jefferson City Memorial Airport,-6,America/Chicago
JES,Jesup-Wayne County Airport,-5,America/New_York
JFK,John F Kennedy Intl,-5,America/New_York
JGC,Grand Canyon Heliport,-7,America/Phoenix
JHM,Kapalua,-10,Pacific/Honolulu
JHW,Chautauqua County-Jamestown,-5,America/New_York
JKA,Jack Edwards Airport,-6,America/Chicago
JLN,Joplin Rgnl,-6,America/Chicago
JMS,Jamestown Regional Airport,-6,America/Chicago
JNU,Juneau Intl,-9,America/Anchorage
JOT,Regional Airport,-6,America/Chicago
JRA,West 30th St. Heliport,-5,America/New_York
JRB,Wall Street Heliport,-5,America/New_York
JST,John Murtha Johnstown-Cambria County Airport,-5,America/New_York
JVL,Southern Wisconsin Regional Airport,-6,America/Chicago
JXN,Reynolds Field,-5,America/New_York
JYL,Plantation Airpark,-5,America/New_York
JYO,Leesburg Executive Airport,-5,America/New_York
JZP,Pickens County Airport,-5,America/New_York
K03,Wainwright As,-9,America/Anchorage
K27,Burrello-Mechanicville Airport,-5,America/New_York
K83,Sabetha Municipal,-6,America/Chicago
KAE,Kake Seaplane Base,-9,America/Anchorage
KAL,Kaltag Airport,-9,America/Anchorage
KBC,Birch Creek Airport,-9,America/Anchorage
KBW,Chignik Bay Seaplane Base,-9,America/Anchorage
KCC,Coffman Cove Seaplane Base,-9,America/Anchorage
KCL,Chignik Lagoon Airport,-9,America/Anchorage
KCQ,Chignik Lake Airport,-9,America/Anchorage
KEH,Kenmore Air Harbor Inc Seaplane Base,-8,America/Los_Angeles
KEK,Ekwok Airport,-9,America/Anchorage
KFP,False Pass Airport,-9,America/Anchorage
KGK,Koliganek Airport,-9,America/Anchorage
KGX,Grayling Airport,-9,America/Anchorage
KKA,Koyuk Alfred Adams Airport,-9,America/Anchorage
KKB,Kitoi Bay Seaplane Base,-9,America/Anchorage
KKH,Kongiganak Airport,-9,America/Anchorage
KLG,Kalskag Airport,-9,America/Anchorage
KLL,Levelock Airport,-9,America/Anchorage
KLN,Larsen Bay Airport,-9,America/Anchorage
KLS,Kelso Longview,-8,America/Los_Angeles
KLW,Klawock Airport,-9,America/Anchorage
KMO,Manokotak Airport,-9,America/Anchorage
KMY,Moser Bay Seaplane Base,-9,America/Anchorage
KNW,New Stuyahok Airport,-9,America/Anchorage
KOA,Kona Intl At Keahole,-10,Pacific/Honolulu
KOT,Kotlik Airport,-9,America/Anchorage
KOY,Olga Bay Seaplane Base,-9,America/Anchorage
KOZ,Ouzinkie Airport,-9,America/Anchorage
KPB,Point Baker Seaplane Base,-9,America/Anchorage
KPC,Port Clarence Coast Guard Station,-9,America/Anchorage
KPN,Kipnuk Airport,-9,America/Anchorage
KPR,Port Williams Seaplane Base,-9,America/Anchorage
KPV,Perryville Airport,-9,America/Anchorage
KPY,Port Bailey Seaplane Base,-9,America/Anchorage
KQA,Akutan Seaplane Base,-9,America/Anchorage
KSM,St Marys Airport,-9,America/Anchorage
KTB,Thorne Bay Seaplane Base,-9,America/Anchorage
KTN,Ketchikan Intl,-9,America/Anchorage
KTS,Brevig Mission Airport,-9,America/Anchorage
KUK,Kasigluk Airport,-9,America/Anchorage
KVC,King Cove Airport,-9,America/Anchorage
KVL,Kivalina Airport,-9,America/Anchorage
KWK,Kwigillingok Airport,-9,America/Anchorage
KWN,Quinhagak Airport,-9,America/Anchorage
KWP,West Point Village Seaplane Base,-9,America/Anchorage
KWT,Kwethluk Airport,-9,America/Anchorage
KYK,Karuluk Airport,-9,America/Anchorage
KYU,Koyukuk Airport,-9,America/Anchorage
KZB,Zachar Bay Seaplane Base,-9,America/Anchorage
L06,Furnace Creek,-8,America/Los_Angeles
L35,Big Bear City,-8,America/Los_Angeles
L52,Oceano County Airport,-8,America/Los_Angeles
LAA,Lamar Muni,-7,America/Denver
LAF,Purude University Airport,-5,America/New_York
LAL,Lakeland Linder Regional Airport,-5,America/New_York
LAM,Los Alamos Airport,-7,America/Denver
LAN,Capital City,-5,America/New_York
LAR,Laramie Regional Airport,-7,America/Denver
LAS,Mc Carran Intl,-8,America/Los_Angeles
LAW,Lawton-Fort Sill Regional Airport,-6,America/Chicago
LAX,Los Angeles Intl,-8,America/Los_Angeles
LBB,Lubbock Preston Smith Intl,-6,America/Chicago
LBE,Arnold Palmer Regional Airport,-5,America/New_York
LBF,North Platte Regional Airport Lee Bird Field,-6,America/Chicago
LBL,Liberal Muni,-6,America/Chicago
LBT,Municipal Airport,-5,America/New_York
LCH,Lake Charles Rgnl,-6,America/Chicago
LCK,Rickenbacker Intl,-5,America/New_York
LCQ,Lake City Municipal Airport,-5,America/New_York
LDJ,Linden Airport,-5,America/New_York
LEB,Lebanon Municipal Airport,-5,America/New_York
LEW,Lewiston Maine,-5,America/New_York
LEX,Blue Grass,-5,America/New_York
LFI,Langley Afb,-5,America/New_York
LFK,Angelina Co,-6,America/Chicago
LFT,Lafayette Rgnl,-6,America/Chicago
LGA,La Guardia,-5,America/New_York
LGB,Long Beach,-8,America/Los_Angeles
LGC,LaGrange-Callaway Airport,-5,America/New_York
LGU,Logan-Cache,-7,America/Denver
LHD,Lake Hood Seaplane Base,-9,America/Anchorage
LHM,Lincoln Regional Airport Karl Harder Field,-8,America/Los_Angeles
LHV,William T. Piper Mem.,-5,America/New_York
LHX,La Junta Muni,-7,America/Denver
LIH,Lihue,-10,Pacific/Honolulu
LIT,Adams Fld,-6,America/Chicago
LIV,Livingood Airport,-9,America/Anchorage
LKE,Kenmore Air Harbor Seaplane Base,-8,America/Los_Angeles
LKK,Kulik Lake Airport,-9,America/Anchorage
LKP,Lake Placid Airport,-5,America/New_York
LMT,Klamath Falls Airport,-8,America/Los_Angeles
LNA,Palm Beach Co Park,-5,America/New_York
LNK,Lincoln,-6,America/Chicago
LNN,Lost Nation Municipal Airport,-5,America/New_York
LNR,Tri-County Regional Airport,-6,America/Chicago
LNS,Lancaster Airport,-5,America/New_York
LNY,Lanai,-10,Pacific/Honolulu
LOT,Lewis University Airport,-6,America/Chicago
LOU,Bowman Fld,-5,America/New_York
LOZ,London-Corbin Airport-MaGee Field,-5,America/New_York
LPC,Lompoc Airport,-8,America/Los_Angeles
LPR,Lorain County Regional Airport,-5,America/New_York
LPS,Lopez Island Airport,-8,America/Los_Angeles
LRD,Laredo Intl,-6,America/Chicago
LRF,Little Rock Afb,-6,America/Chicago
LRO,Mount Pleasant Regional-Faison Field,-5,NA
LRU,Las Cruces Intl,-7,America/Denver
LSE,La Crosse Municipal,-6,America/Chicago
LSF,Lawson Aaf,-5,America/New_York
LSV,Nellis Afb,-8,America/Los_Angeles
LTS,Altus Afb,-6,America/Chicago
LUF,Luke Afb,-7,America/Phoenix
LUK,Cincinnati Muni Lunken Fld,-5,America/New_York
LUP,Kalaupapa Airport,-10,Pacific/Honolulu
LUR,Cape Lisburne Lrrs,-9,America/Anchorage
LVK,Livermore Municipal,-8,America/Los_Angeles
LVM,Mission Field Airport,-7,America/Denver
LVS,Las Vegas Muni,-7,America/Denver
LWA,South Haven Area Regional Airport,-5,America/New_York
LWB,Greenbrier Valley Airport,-5,America/New_York
LWC,Lawrence Municipal,-6,America/Chicago
LWM,Lawrence Municipal Airport,-5,America/New_York
LWS,Lewiston Nez Perce Co,-8,America/Los_Angeles
LWT,Lewistown Municipal Airport,-7,America/Denver
LXY,Mexia - Limestone County Airport,-6,America/Chicago
LYH,Lynchburg Regional Preston Glenn Field,-5,America/New_York
LYU,Ely Municipal,-6,America/Chicago
LZU,Gwinnett County Airport-Briscoe Field,-5,America/New_York
M94,Desert Aire,-8,America/Los_Angeles
MAE,Madera Municipal Airport,-8,America/Los_Angeles
MAF,Midland Intl,-6,America/Chicago
MBL,Manistee County-Blacker Airport,-5,America/New_York
MBS,Mbs Intl,-5,America/New_York
MCC,Mc Clellan Afld,-8,America/Los_Angeles
MCD,Mackinac Island Airport,-5,America/New_York
MCE,Merced Municipal Airport,-8,America/Los_Angeles
MCF,Macdill Afb,-5,America/New_York
MCG,McGrath Airport,-9,America/Anchorage
MCI,Kansas City Intl,-6,America/Chicago
MCK,McCook Regional Airport,-6,America/Chicago
MCL,McKinley National Park Airport,-9,America/Anchorage
MCN,Middle Georgia Rgnl,-5,America/New_York
MCO,Orlando Intl,-5,America/New_York
MCW,Mason City Municipal,-6,America/Chicago
MDT,Harrisburg Intl,-5,America/New_York
MDW,Chicago Midway Intl,-6,America/Chicago
ME5,Banks Airport,-5,America/New_York
MEI,Key Field,-6,America/Chicago
MEM,Memphis Intl,-6,America/Chicago
MER,Castle,-8,America/Los_Angeles
MFD,Mansfield Lahm Regional,-5,America/New_York
MFE,Mc Allen Miller Intl,-6,America/Chicago
MFI,Marshfield Municipal Airport,-6,America/Chicago
MFR,Rogue Valley Intl Medford,-8,America/Los_Angeles
MGC,Michigan City Municipal Airport,-6,America/Chicago
MGE,Dobbins Arb,-5,America/New_York
MGJ,Orange County Airport,-5,America/New_York
MGM,Montgomery Regional Airport,-6,America/Chicago
MGR,Moultrie Municipal Airport,-5,America/New_York
MGW,Morgantown Muni Walter L Bill Hart Fld,-5,America/New_York
MGY,Dayton-Wright Brothers Airport,-5,America/New_York
MHK,Manhattan Reigonal,-6,America/Chicago
MHM,Minchumina Airport,-9,America/Anchorage
MHR,Sacramento Mather,-8,America/Los_Angeles
MHT,Manchester Regional Airport,-5,America/New_York
MHV,Mojave,-8,America/Los_Angeles
MIA,Miami Intl,-5,America/New_York
MIB,Minot Afb,-6,America/Chicago
MIC,Crystal Airport,-6,America/Chicago
MIE,Delaware County Airport,-5,America/New_York
MIV,Millville Muni,-5,America/New_York
MKC,Downtown,-6,America/Chicago
MKE,General Mitchell Intl,-6,America/Chicago
MKG,Muskegon County Airport,-5,America/New_York
MKK,Molokai,-10,Pacific/Honolulu
MKL,Mc Kellar Sipes Rgnl,-6,America/Chicago
MKO,Davis Fld,-6,America/Chicago
MLB,Melbourne Intl,-5,America/New_York
MLC,Mc Alester Rgnl,-6,America/Chicago
MLD,Malad City,-7,America/Denver
MLI,Quad City Intl,-6,America/Chicago
MLJ,Baldwin County Airport,-5,America/New_York
MLL,Marshall Don Hunter Sr. Airport,-9,America/Anchorage
MLS,Frank Wiley Field,-7,America/Denver
MLT,Millinocket Muni,-5,America/New_York
MLU,Monroe Rgnl,-6,America/Chicago
MLY,Manley Hot Springs Airport,-9,America/Anchorage
MMH,Mammoth Yosemite Airport,-8,America/Los_Angeles
MMI,McMinn Co,-5,America/New_York
MMU,Morristown Municipal Airport,-5,America/New_York
MMV,Mc Minnville Muni,-8,America/Los_Angeles
MNM,Menominee Marinette Twin Co,-6,America/Chicago
MNT,Minto Airport,-9,America/Anchorage
MNZ,Manassas,-5,America/New_York
MOB,Mobile Rgnl,-6,America/Chicago
MOD,Modesto City Co Harry Sham,-8,America/Los_Angeles
MOT,Minot Intl,-6,America/Chicago
MOU,Mountain Village Airport,-9,America/Anchorage
MPB,Miami Seaplane Base,-5,America/New_York
MPI,MariposaYosemite,-8,America/Los_Angeles
MPV,Edward F Knapp State,-5,America/New_York
MQB,Macomb Municipal Airport,-6,America/Chicago
MQI,Dare County Regional,-5,America/New_York
MQT,Sawyer International Airport,-5,America/New_York
MRB,Eastern WV Regional Airport,-5,America/New_York
MRI,Merrill Fld,-9,America/Anchorage
MRK,Marco Islands,-5,America/New_York
MRN,Foothills Regional Airport,-5,America/New_York
MRY,Monterey Peninsula,-8,America/Los_Angeles
MSL,Northwest Alabama Regional Airport,-6,America/Chicago
MSN,Dane Co Rgnl Truax Fld,-6,America/Chicago
MSO,Missoula Intl,-7,America/Denver
MSP,Minneapolis St Paul Intl,-6,America/Chicago
MSS,Massena Intl Richards Fld,-5,America/New_York
MSY,Louis Armstrong New Orleans Intl,-6,America/Chicago
MTC,Selfridge Angb,-5,America/New_York
MTH,Florida Keys Marathon Airport,-5,America/New_York
MTJ,Montrose Regional Airport,-7,America/Denver
MTM,Metlakatla Seaplane Base,-9,America/Anchorage
MTN,Martin State,-5,America/New_York
MUE,Waimea Kohala,-10,Pacific/Honolulu
MUI,Muir Aaf,-5,America/New_York
MUO,Mountain Home Afb,-7,America/Denver
MVL,Morrisville Stowe State Airport,-5,America/New_York
MVY,Martha\\'s Vineyard,-5,America/New_York
MWA,Williamson Country Regional Airport,-6,America/Chicago
MWC,Lawrence J Timmerman Airport,-6,America/Chicago
MWH,Grant Co Intl,-8,America/Los_Angeles
MWL,Mineral Wells,-6,America/Chicago
MWM,Windom Municipal Airport,-6,America/Chicago
MXF,Maxwell Afb,-6,America/Chicago
MXY,McCarthy Airport,-9,America/Anchorage
MYF,Montgomery Field,8,Asia/Chongqing
MYL,McCall Municipal Airport,-7,America/Denver
MYR,Myrtle Beach Intl,-5,America/New_York
MYU,Mekoryuk Airport,-9,America/Anchorage
MYV,Yuba County Airport,-8,America/Los_Angeles
MZJ,Pinal Airpark,-7,America/Phoenix
N53,Stroudsburg-Pocono Airport,-5,America/New_York
N69,Stormville Airport,-5,America/New_York
N87,Trenton-Robbinsville Airport,-5,America/New_York
NBG,New Orleans Nas Jrb,-6,America/Chicago
NBU,Naval Air Station,-6,America/Chicago
NCN,Chenega Bay Airport,-9,America/Anchorage
NEL,Lakehurst Naes,-5,America/New_York
NEW,Lakefront,-6,America/Chicago
NFL,Fallon Nas,-8,America/Los_Angeles
NGF,Kaneohe Bay Mcaf,-10,Pacific/Honolulu
NGP,Corpus Christi NAS,-6,America/Chicago
NGU,Norfolk Ns,-5,America/New_York
NGZ,NAS Alameda,-8,America/Los_Angeles
NHK,Patuxent River Nas,-5,America/New_York
NIB,Nikolai Airport,-9,America/Anchorage
NID,China Lake Naws,-8,America/Los_Angeles
NIP,Jacksonville Nas,-5,America/New_York
NJK,El Centro Naf,-8,America/Los_Angeles
NKT,Cherry Point Mcas,-5,America/New_York
NKX,Miramar Mcas,-8,America/Los_Angeles
NLC,Lemoore Nas,-8,America/Los_Angeles
NLG,Nelson Lagoon,-9,America/Anchorage
NME,Nightmute Airport,-9,America/Anchorage
NMM,Meridian Nas,-6,America/Chicago
NNL,Nondalton Airport,-9,America/Anchorage
NOW,Port Angeles Cgas,-8,America/Los_Angeles
NPA,Pensacola Nas,-6,America/Chicago
NPZ,Porter County Municipal Airport,-6,America/Chicago
NQA,Millington Rgnl Jetport,-6,America/Chicago
NQI,Kingsville Nas,-6,America/Chicago
NQX,Key West Nas,-5,America/New_York
NSE,Whiting Fld Nas North,-6,America/Chicago
NTD,Point Mugu Nas,-8,America/Los_Angeles
NTU,Oceana Nas,-5,America/New_York
NUI,Nuiqsut Airport,-9,America/Anchorage
NUL,Nulato Airport,-9,America/Anchorage
NUP,Nunapitchuk Airport,-9,America/Anchorage
NUQ,Moffett Federal Afld,-8,America/Los_Angeles
NUW,Whidbey Island Nas,-8,America/Los_Angeles
NXP,Twentynine Palms Eaf,-8,America/Los_Angeles
NXX,Willow Grove Nas Jrb,-5,America/New_York
NY9,Long Lake,-5,America/New_York
NYC,All Airports,-5,America/New_York
NYG,Quantico Mcaf,-5,America/New_York
NZC,Cecil Field,-5,America/New_York
NZJ,El Toro,-8,America/Los_Angeles
NZY,North Island Nas,-8,America/Los_Angeles
O03,Morgantown Airport,-5,America/New_York
O27,Oakdale Airport,-8,America/Los_Angeles
OAJ,Albert J Ellis,-5,America/New_York
OAK,Metropolitan Oakland Intl,-8,America/Los_Angeles
OAR,Marina Muni,-8,America/Los_Angeles
OBE,County,-5,America/New_York
OBU,Kobuk Airport,-9,America/Anchorage
OCA,Key Largo,-5,America/New_York
OCF,International Airport,-5,America/New_York
OEB,Branch County Memorial Airport,-5,America/New_York
OFF,Offutt Afb,-6,America/Chicago
OGG,Kahului,-10,Pacific/Honolulu
OGS,Ogdensburg Intl,-5,America/New_York
OJC,Johnson County Airport,-6,America/Chicago
OKC,Will Rogers World,-6,America/Chicago
OLF,LM Clayton Airport,-7,America/Denver
OLH,Old Harbor Airport,-9,America/Anchorage
OLM,Olympia Regional Airpor,-8,America/Los_Angeles
OLS,Nogales Intl,-7,America/Phoenix
OLT,San Diego Old Town Transit Center,-8,America/Los_Angeles
OLV,Olive Branch Muni,-6,America/Chicago
OMA,Eppley Afld,-6,America/Chicago
OME,Nome,-9,America/Anchorage
OMN,Ormond Beach municipal Airport,-5,America/New_York
ONH,Oneonta Municipal Airport,-5,America/New_York
ONP,Newport Municipal Airport,-8,America/Los_Angeles
ONT,Ontario Intl,-8,America/Los_Angeles
OOK,Toksook Bay Airport,-9,America/Anchorage
OPF,Opa Locka,-5,America/New_York
OQN,Brandywine Airport,-5,America/New_York
OQU,Quonset State Airport,-5,America/New_York
ORD,Chicago Ohare Intl,-6,America/Chicago
ORF,Norfolk Intl,-5,America/New_York
ORH,Worcester Regional Airport,-5,America/New_York
ORI,Port Lions Airport,-9,America/Anchorage
ORL,Executive,-5,America/New_York
ORT,Northway,-9,America/Anchorage
ORV,Robert Curtis Memorial Airport,-9,America/Anchorage
OSC,Oscoda Wurtsmith,-5,America/New_York
OSH,Wittman Regional Airport,-6,America/Chicago
OSU,Ohio State University Airport,-5,America/New_York
OTH,Southwest Oregon Regional Airport,-8,America/Los_Angeles
OTS,Anacortes Airport,-8,America/Los_Angeles
OTZ,Ralph Wien Mem,-9,America/Anchorage
OWB,Owensboro Daviess County Airport,-6,America/Chicago
OWD,Norwood Memorial Airport,-5,America/New_York
OXC,Waterbury-Oxford Airport,-5,America/New_York
OXD,Miami University Airport,-5,America/New_York
OXR,Oxnard - Ventura County,-8,America/Los_Angeles
OZA,Ozona Muni,-6,America/Chicago
P08,Coolidge Municipal Airport,-7,America/Phoenix
P52,Cottonwood Airport,-7,America/Phoenix
PAE,Snohomish Co,-8,America/Los_Angeles
PAH,Barkley Regional Airport,-6,America/Chicago
PAM,Tyndall Afb,-6,America/Chicago
PAO,Palo Alto Airport of Santa Clara County,-8,America/Los_Angeles
PAQ,Palmer Muni,-9,America/Anchorage
PBF,Grider Fld,-6,America/Chicago
PBG,Plattsburgh Intl,-5,America/New_York
PBI,Palm Beach Intl,-5,America/New_York
PBV,St George,-9,America/Anchorage
PBX,Pike County Airport - Hatcher Field,-5,America/New_York
PCW,Erie-Ottawa Regional Airport,-5,America/New_York
PCZ,Waupaca Municipal Airport,-6,America/Chicago
PDB,Pedro Bay Airport,-9,America/Anchorage
PDK,Dekalb-Peachtree Airport,-5,America/New_York
PDT,Eastern Oregon Regional Airport,-8,America/Los_Angeles
PDX,Portland Intl,-8,America/Los_Angeles
PEC,Pelican Seaplane Base,-9,America/Anchorage
PEQ,Pecos Municipal Airport,-6,America/Chicago
PFN,Panama City Bay Co Intl,-6,America/Chicago
PGA,Page Municipal Airport,-7,America/Phoenix
PGD,Charlotte County-Punta Gorda Airport,-5,America/New_York
PGV,Pitt-Greenville Airport,-5,America/New_York
PHD,Harry Clever Field Airport,-5,America/New_York
PHF,Newport News Williamsburg Intl,-5,America/New_York
PHK,Pahokee Airport,-5,America/New_York
PHL,Philadelphia Intl,-5,America/New_York
PHN,St Clair Co Intl,-5,America/New_York
PHO,Point Hope Airport,-9,America/Anchorage
PHX,Phoenix Sky Harbor Intl,-7,America/Phoenix
PIA,Peoria Regional,-6,America/Chicago
PIB,Hattiesburg Laurel Regional Airport,-6,America/Chicago
PIE,St Petersburg Clearwater Intl,-5,America/New_York
PIH,Pocatello Regional Airport,-7,America/Denver
PIM,Harris County Airport,-5,America/New_York
PIP,Pilot Point Airport,-9,America/Anchorage
PIR,Pierre Regional Airport,-6,America/Chicago
PIT,Pittsburgh Intl,-5,America/New_York
PIZ,Point Lay Lrrs,-9,America/Anchorage
PKB,Mid-Ohio Valley Regional Airport,-5,America/New_York
PLN,Pellston Regional Airport of Emmet County Airport,-5,America/New_York
PMB,Pembina Muni,-6,America/Chicago
PMD,Palmdale Rgnl Usaf Plt 42,-8,America/Los_Angeles
PML,Port Moller Airport,-9,America/Anchorage
PMP,Pompano Beach Airpark,-5,America/New_York
PNC,Ponca City Rgnl,-6,America/Chicago
PNE,Northeast Philadelphia,-5,America/New_York
PNM,Princeton Muni,-6,America/Chicago
PNS,Pensacola Rgnl,-6,America/Chicago
POB,Pope Field,-5,America/New_York
POC,Brackett Field,-8,America/Los_Angeles
POE,Polk Aaf,-6,America/Chicago
POF,Poplar Bluff Municipal Airport,-6,America/Chicago
PPC,Prospect Creek Airport,-9,America/Anchorage
PPV,Port Protection Seaplane Base,-9,America/Anchorage
PQI,Northern Maine Rgnl At Presque Isle,-5,America/New_York
PQS,Pilot Station Airport,-9,America/Anchorage
PRC,Ernest A Love Fld,-7,America/Phoenix
PRL,Port Oceanic Airport,-9,America/Anchorage
PSC,Tri Cities Airport,-8,America/Los_Angeles
PSG,Petersburg James A. Johnson,-9,America/Anchorage
PSM,Pease International Tradeport,-5,America/New_York
PSP,Palm Springs Intl,-8,America/Los_Angeles
PSX,Palacios Muni,-6,America/Chicago
PTA,Port Alsworth Airport,-9,America/Anchorage
PTB,Dinwiddie County Airport,-5,America/New_York
PTH,Port Heiden Airport,-9,America/Anchorage
PTK,Oakland Co. Intl,-5,America/New_York
PTU,Platinum,-9,America/Anchorage
PUB,Pueblo Memorial,-7,America/Denver
PUC,Carbon County Regional-Buck Davis Field,-7,America/Denver
PUW,Pullman-Moscow Rgnl,-8,America/Los_Angeles
PVC,Provincetown Muni,-5,America/New_York
PVD,Theodore Francis Green State,-5,America/New_York
PVU,Provo Municipal Airport,-7,America/Denver
PWK,Chicago Executive,-6,America/Chicago
PWM,Portland Intl Jetport,-5,America/New_York
PWT,Bremerton National,-8,America/Los_Angeles
PYM,Plymouth Municipal Airport,-5,America/New_York
PYP,Centre-Piedmont-Cherokee County Regional Airport,-6,America/Chicago
R49,Ferry County Airport,-8,America/Los_Angeles
RAC,John H. Batten Airport,-6,America/Chicago
RAL,Riverside Muni,-8,America/Los_Angeles
RAP,Rapid City Regional Airport,-7,America/Denver
RBD,Dallas Executive Airport,-6,America/Chicago
RBK,French Valley Airport,-8,America/Los_Angeles
RBM,Robinson Aaf,-6,America/Chicago
RBN,Fort Jefferson,-5,America/New_York
RBY,Ruby Airport,-9,America/Anchorage
RCA,Ellsworth Afb,-7,America/Denver
RCE,Roche Harbor Seaplane Base,-8,America/Los_Angeles
RCZ,Richmond County Airport,-5,America/New_York
RDD,Redding Muni,-8,America/Los_Angeles
RDG,Reading Regional Carl A Spaatz Field,-5,America/New_York
RDM,Roberts Fld,-8,America/Los_Angeles
RDR,Grand Forks Afb,-6,America/Chicago
RDU,Raleigh Durham Intl,-5,America/New_York
RDV,Red Devil Airport,-9,America/Anchorage
REI,Redlands Municipal Airport,-8,America/Los_Angeles
RFD,Chicago Rockford International Airport,-6,America/Chicago
RHI,Rhinelander Oneida County Airport,-6,America/Chicago
RIC,Richmond Intl,-5,America/New_York
RID,Richmond Municipal Airport,-5,America/New_York
RIF,Richfield Minicipal Airport,-7,America/Denver
RIL,Garfield County Regional Airport,-7,America/Denver
RIR,Flabob Airport,-8,America/Los_Angeles
RIU,Rancho Murieta,-8,America/Los_Angeles
RIV,March Arb,-8,America/Los_Angeles
RIW,Riverton Regional,-7,America/Denver
RKD,Knox County Regional Airport,-5,America/New_York
RKH,Rock Hill York Co Bryant Airport,-5,America/New_York
RKP,Aransas County Airport,-6,America/Chicago
RKS,Rock Springs Sweetwater County Airport,-7,America/Denver
RME,Griffiss Afld,-5,America/New_York
RMG,Richard B Russell Airport,-5,America/New_York
RMP,Rampart Airport,-9,America/Anchorage
RMY,Brooks Field Airport,-5,America/New_York
RND,Randolph Afb,-6,America/Chicago
RNM,Ramona Airport,-8,America/Los_Angeles
RNO,Reno Tahoe Intl,-8,America/Los_Angeles
RNT,Renton,-8,America/Los_Angeles
ROA,Roanoke Regional,-5,America/New_York
ROC,Greater Rochester Intl,-5,America/New_York
ROW,Roswell Intl Air Center,-7,America/Denver
RSH,Russian Mission Airport,-9,America/Anchorage
RSJ,Rosario Seaplane Base,-8,America/Los_Angeles
RST,Rochester,-6,America/Chicago
RSW,Southwest Florida Intl,-5,America/New_York
RUT,Rutland State Airport,-5,America/New_York
RVS,Richard Lloyd Jones Jr Airport,-6,America/Chicago
RWI,Rocky Mount Wilson Regional Airport,-5,America/New_York
RWL,Rawlins Municipal Airport-Harvey Field,-7,America/Denver
RYY,Cobb County Airport-Mc Collum Field,-5,America/New_York
S30,Lebanon State,-8,America/Los_Angeles
S40,Prosser,-8,America/Los_Angeles
S46,Port O\\'Connor Airfield,-6,America/Chicago
SAA,Shively Field Airport,-7,America/Denver
SAC,Sacramento Executive,-8,America/Los_Angeles
SAD,Safford Regional Airport,-7,America/Phoenix
SAF,Santa Fe Muni,-7,America/Denver
SAN,San Diego Intl,-8,America/Los_Angeles
SAT,San Antonio Intl,-6,America/Chicago
SAV,Savannah Hilton Head Intl,-5,America/New_York
SBA,Santa Barbara Muni,-8,America/Los_Angeles
SBD,San Bernardino International Airport,-8,America/Los_Angeles
SBM,Sheboygan County Memorial Airport,-6,America/Chicago
SBN,South Bend Rgnl,-5,America/New_York
SBO,Emanuel Co,-5,America/New_York
SBP,San Luis County Regional Airport,-8,America/Los_Angeles
SBS,Steamboat Springs Airport-Bob Adams Field,-7,America/Denver
SBY,Salisbury Ocean City Wicomico Rgnl,-5,America/New_York
SCC,Deadhorse,-9,America/Anchorage
SCE,University Park Airport,-5,America/New_York
SCH,Stratton ANGB - Schenectady County Airpor,-5,America/New_York
SCK,Stockton Metropolitan,-8,America/Los_Angeles
SCM,Scammon Bay Airport,-9,America/Anchorage
SDC,Williamson-Sodus Airport,-5,America/New_York
SDF,Louisville International Airport,-5,America/New_York
SDM,Brown Field Municipal Airport,-8,America/Los_Angeles
SDP,Sand Point Airport,-9,America/Anchorage
SDX,Sedona,-7,America/Phoenix
SDY,Sidney-Richland Municipal Airport,-7,America/Denver
SEA,Seattle Tacoma Intl,-8,America/Los_Angeles
SEE,Gillespie,-8,America/Los_Angeles
SEF,Regional - Hendricks AAF,-5,America/New_York
SEM,Craig Fld,-6,America/Chicago
SES,Selfield Airport,-6,America/Chicago
SFB,Orlando Sanford Intl,-5,America/New_York
SFF,Felts Fld,-8,America/Los_Angeles
SFM,Sanford Regional,-5,America/New_York
SFO,San Francisco Intl,-8,America/Los_Angeles
SFZ,North Central State,-5,America/New_York
SGF,Springfield Branson Natl,-6,America/Chicago
SGH,Springfield-Beckly Municipal Airport,-5,America/New_York
SGJ,St. Augustine Airport,-5,America/New_York
SGR,Sugar Land Regional Airport,-6,America/Chicago
SGU,St George Muni,-7,America/Denver
SGY,Skagway Airport,-9,America/Anchorage
SHD,Shenandoah Valley Regional Airport,-5,America/New_York
SHG,Shungnak Airport,-9,America/Anchorage
SHH,Shishmaref Airport,-9,America/Anchorage
SHR,Sheridan County Airport,-7,America/Denver
SHV,Shreveport Rgnl,-6,America/Chicago
SHX,Shageluk Airport,-9,America/Anchorage
SIK,Sikeston Memorial Municipal,-6,America/Chicago
SIT,Sitka Rocky Gutierrez,-9,America/Anchorage
SJC,Norman Y Mineta San Jose Intl,-8,America/Los_Angeles
SJT,San Angelo Rgnl Mathis Fld,-6,America/Chicago
SKA,Fairchild Afb,-8,America/Los_Angeles
SKF,Lackland Afb Kelly Fld Annex,-6,America/Chicago
SKK,Shaktoolik Airport,-9,America/Anchorage
SKY,Griffing Sandusky,-5,America/New_York
SLC,Salt Lake City Intl,-7,America/Denver
SLE,McNary Field,-8,America/Los_Angeles
SLK,Adirondack Regional Airport,-5,America/New_York
SLN,Salina Municipal Airport,-6,America/Chicago
SLQ,Sleetmute Airport,-9,America/Anchorage
SMD,Smith Fld,-5,America/New_York
SME,Lake Cumberland Regional Airport,-5,America/New_York
SMF,Sacramento Intl,-8,America/Los_Angeles
SMK,St. Michael Airport,-9,America/Anchorage
SMN,Lemhi County Airport,-7,America/Denver
SMO,Santa Monica Municipal Airport,-8,America/Los_Angeles
SMX,Santa Maria Pub Cpt G Allan Hancock Airport,-8,America/Los_Angeles
SNA,John Wayne Arpt Orange Co,-8,America/Los_Angeles
SNP,St Paul Island,-9,America/Anchorage
SNY,Sidney Muni Airport,-7,America/Denver
SOP,Moore County Airport,-5,America/New_York
SOW,Show Low Regional Airport,-7,America/Phoenix
SPB,Scappoose Industrial Airpark,-8,America/Los_Angeles
SPF,Black Hills Airport-Clyde Ice Field,-7,America/Denver
SPG,Albert Whitted,-5,America/New_York
SPI,Abraham Lincoln Capital,-6,America/Chicago
SPS,Sheppard Afb Wichita Falls Muni,-6,America/Chicago
SPW,Spencer Muni,-6,America/Chicago
SPZ,Silver Springs Airport,-8,America/Los_Angeles
SQL,San Carlos Airport,-8,America/Los_Angeles
SRQ,Sarasota Bradenton Intl,-5,America/New_York
SRR,Sierra Blanca Regional Airport,-7,America/Denver
SRV,Stony River 2 Airport,-9,America/Anchorage
SSC,Shaw Afb,-5,America/New_York
SSI,McKinnon Airport,-5,America/New_York
STC,Saint Cloud Regional Airport,-6,America/Chicago
STE,Stevens Point Municipal Airport,-6,America/Chicago
STG,St. George Airport,-9,America/Anchorage
STJ,Rosecrans Mem,-6,America/Chicago
STK,Sterling Municipal Airport,-7,America/Denver
STL,Lambert St Louis Intl,-6,America/Chicago
STS,Charles M Schulz Sonoma Co,-8,America/Los_Angeles
SUA,Witham Field Airport,-5,America/New_York
SUE,Door County Cherryland Airport,-6,America/Chicago
SUN,Friedman Mem,-7,America/Denver
SUS,Spirit Of St Louis,-6,America/Chicago
SUU,Travis Afb,-8,America/Los_Angeles
SUX,Sioux Gateway Col Bud Day Fld,-6,America/Chicago
SVA,Savoonga Airport,-9,America/Anchorage
SVC,Grant County Airport,-7,America/Denver
SVH,Regional Airport,-5,America/New_York
SVN,Hunter Aaf,-5,America/New_York
SVW,Sparrevohn Lrrs,-9,America/Anchorage
SWD,Seward Airport,-9,America/Anchorage
SWF,Stewart Intl,-5,America/New_York
SXP,Sheldon Point Airport,-9,America/Anchorage
SXQ,Soldotna Airport,-9,America/Anchorage
SYA,Eareckson As,-9,America/Anchorage
SYB,Seal Bay Seaplane Base,-9,America/Anchorage
SYR,Syracuse Hancock Intl,-5,America/New_York
SZL,Whiteman Afb,-6,America/Chicago
TAL,Tanana Airport,-9,America/Anchorage
TAN,Taunton Municipal Airport - King Field,-5,America/New_York
TBN,Waynesville Rgnl Arpt At Forney Fld,-6,America/Chicago
TCC,Tucumcari Muni,-7,America/Denver
TCL,Tuscaloosa Rgnl,-6,America/Chicago
TCM,Mc Chord Afb,-8,America/Los_Angeles
TCS,Truth Or Consequences Muni,-7,America/Denver
TCT,Takotna Airport,-9,America/Anchorage
TEB,Teterboro,-5,America/New_York
TEK,Tatitlek Airport,-9,America/Anchorage
TEX,Telluride,-7,America/Denver
TIK,Tinker Afb,-6,America/Chicago
TIW,Tacoma Narrows Airport,-8,America/Los_Angeles
TIX,Space Coast Reg'l Airport,-5,America/New_York
TKA,Talkeetna,-9,America/Anchorage
TKE,Tenakee Seaplane Base,-9,America/Anchorage
TKF,Truckee-Tahoe Airport,-8,America/Los_Angeles
TKI,Collin County Regional Airport at Mc Kinney,-6,America/Chicago
TLA,Teller Airport,-9,America/Anchorage
TLH,Tallahassee Rgnl,-5,America/New_York
TLJ,Tatalina Lrrs,-9,America/Anchorage
TLT,Tuluksak Airport,-9,America/Anchorage
TMA,Henry Tift Myers Airport,-5,America/New_York
TMB,Kendall Tamiami Executive,-5,America/New_York
TNC,Tin City LRRS Airport,-9,America/Anchorage
TNK,Tununak Airport,-9,America/Anchorage
TNT,Dade Collier Training And Transition,-5,America/New_York
TNX,Tonopah Test Range,-8,America/Los_Angeles
TOA,Zamperini Field Airport,-8,America/Los_Angeles
TOC,Toccoa RG Letourneau Field Airport,-5,America/New_York
TOG,Togiak Airport,-9,America/Anchorage
TOL,Toledo,-5,America/New_York
TOP,Philip Billard Muni,-6,America/Chicago
TPA,Tampa Intl,-5,America/New_York
TPL,Draughon Miller Central Texas Rgnl,-6,America/Chicago
TRI,Tri-Cities Regional Airport,-5,America/New_York
TRM,Jacqueline Cochran Regional Airport,-8,America/Los_Angeles
TSS,East 34th Street Heliport,-5,America/New_York
TTD,Portland Troutdale,-8,America/Los_Angeles
TTN,Trenton Mercer,-5,America/New_York
TUL,Tulsa Intl,-6,America/Chicago
TUP,Tupelo Regional Airport,-6,America/Chicago
TUS,Tucson Intl,-7,America/Phoenix
TVC,Cherry Capital Airport,-5,America/New_York
TVF,Thief River Falls,-6,America/Chicago
TVI,Thomasville Regional Airport,-5,America/New_York
TVL,Lake Tahoe Airport,-8,America/Los_Angeles
TWA,Twin Hills Airport,-9,America/Anchorage
TWD,Jefferson County Intl,-8,America/Los_Angeles
TWF,Magic Valley Regional Airport,-7,America/Denver
TXK,Texarkana Rgnl Webb Fld,-6,America/Chicago
TYE,Tyonek Airport,-9,America/Anchorage
TYR,Tyler Pounds Rgnl,-6,America/Chicago
TYS,Mc Ghee Tyson,-5,America/New_York
TZR,Bolton Field,-5,America/New_York
U76,Mountain Home Municipal Airport,-7,America/Denver
UCA,Union Station,-5,America/New_York
UDD,Bermuda Dunes Airport,-8,America/Los_Angeles
UDG,Darlington County Jetport,-5,America/New_York
UES,Waukesha County Airport,-6,America/Chicago
UGN,Waukegan Rgnl,-6,America/Chicago
UIN,Quincy Regional Baldwin Field,-6,America/Chicago
UMP,Indianapolis Metropolitan Airport,-5,America/New_York
UNK,Unalakleet Airport,-9,America/Anchorage
UPP,Upolu,-10,Pacific/Honolulu
UST,St. Augustine Airport,-5,America/New_York
UT3,Hite Airport,-7,America/Denver
UTM,Tunica Municipal Airport,-6,America/Chicago
UTO,Indian Mountain Lrrs,-9,America/Anchorage
UUK,Ugnu-Kuparuk Airport,-9,America/Anchorage
UUU,Newport State,-5,America/New_York
UVA,Garner Field,-6,America/Chicago
VAD,Moody Afb,-5,America/New_York
VAK,Chevak Airport,-9,America/Anchorage
VAY,South Jersey Regional Airport,-5,America/New_York
VBG,Vandenberg Afb,-8,America/Los_Angeles
VCT,Victoria Regional Airport,-6,America/Chicago
VCV,Southern California Logistics,-8,America/Los_Angeles
VDF,Tampa Executive Airport,-5,America/New_York
VDZ,Valdez Pioneer Fld,-9,America/Anchorage
VEE,Venetie Airport,-9,America/Anchorage
VEL,Vernal Regional Airport,-7,America/Denver
VGT,North Las Vegas Airport,-8,America/Los_Angeles
VIS,Visalia Municipal Airport,-8,America/Los_Angeles
VLD,Valdosta Regional Airport,-5,America/New_York
VNW,Van Wert County Airport,-5,America/New_York
VNY,Van Nuys,-8,America/Los_Angeles
VOK,Volk Fld,-6,America/Chicago
VPC,Cartersville Airport,-5,America/New_York
VPS,Eglin Afb,-6,America/Chicago
VRB,Vero Beach Muni,-5,America/New_York
VSF,Hartness State,-5,America/New_York
VYS,Illinois Valley Regional,-6,America/Chicago
W04,Ocean Shores Municipal,-8,America/Los_Angeles
W13,Eagle's Nest Airport,-5,America/New_York
WAA,Wales Airport,-9,America/Anchorage
WAL,Wallops Flight Facility,-5,America/New_York
WAS,All Airports,-5,America/New_York
WBB,Stebbins Airport,-9,America/Anchorage
WBQ,Beaver Airport,-9,America/Anchorage
WBU,Boulder Municipal,-7,America/Denver
WBW,Wilkes-Barre Wyoming Valley Airport,-5,America/New_York
WDR,Barrow County Airport,-5,America/New_York
WFB,Ketchikan harbor Seaplane Base,-9,America/Anchorage
WFK,Northern Aroostook Regional Airport,-5,America/New_York
WHD,Hyder Seaplane Base,-8,America/Vancouver
WHP,Whiteman Airport,-8,America/Los_Angeles
WIH,Wishram Amtrak Station,-8,America/Los_Angeles
WKK,Aleknagik Airport,-9,America/Anchorage
WKL,Waikoloa Heliport,-10,Pacific/Honolulu
WLK,Selawik Airport,-9,America/Anchorage
WMO,White Mountain Airport,-9,America/Anchorage
WRB,Robins Afb,-5,America/New_York
WRG,Wrangell Airport,-9,America/Anchorage
WRI,Mc Guire Afb,-5,America/New_York
WRL,Worland Municipal Airport,-7,America/Denver
WSD,Condron Aaf,-7,America/Denver
WSJ,San Juan - Uganik Seaplane Base,-9,America/Anchorage
WSN,South Naknek Airport,-9,America/Anchorage
WST,Westerly State Airport,-5,America/New_York
WSX,Westsound Seaplane Base,-8,America/Los_Angeles
WTK,Noatak Airport,-9,America/Anchorage
WTL,Tuntutuliak Airport,-9,America/Anchorage
WWD,Cape May Co,-5,America/New_York
WWP,North Whale Seaplane Base,-9,America/Anchorage
WWT,Newtok Airport,-9,America/Anchorage
WYS,Yellowstone Airport,-7,America/Denver
X01,Everglades Airpark,-5,America/New_York
X04,Apopka,-5,America/New_York
X07,Lake Wales Municipal Airport,-5,America/New_York
X21,Arthur Dunn Airpark,-5,America/New_York
X26,Sebastian Municipal,-5,America/New_York
X39,Tampa North Aero Park,-5,America/New_York
X49,South Lakeland Airport,-5,America/New_York
X59,Valkaria Municipal,-5,America/New_York
XFL,Flagler County Airport,-5,America/New_York
XNA,NW Arkansas Regional,-6,America/Chicago
XZK,Amherst Amtrak Station AMM,-5,America/New_York
Y51,Municipal Airport,-6,America/Chicago
Y72,Bloyer Field,-6,America/Chicago
YAK,Yakutat,-9,NA
YIP,Willow Run,-5,America/New_York
YKM,Yakima Air Terminal McAllister Field,-8,America/Los_Angeles
YKN,Chan Gurney,-6,America/Chicago
YNG,Youngstown Warren Rgnl,-5,America/New_York
YUM,Yuma Mcas Yuma Intl,-7,America/Phoenix
Z84,Clear,-9,America/Anchorage
ZBP,Penn Station,-5,America/New_York
ZFV,Philadelphia 30th St Station,-5,America/New_York
ZPH,Municipal Airport,-5,America/New_York
ZRA,Atlantic City Rail Terminal,-5,America/New_York
ZRD,Train Station,-5,America/New_York
ZRP,Newark Penn Station,-5,America/New_York
ZRT,Hartford Union Station,-5,America/New_York
ZRZ,New Carrollton Rail Station,-5,America/New_York
ZSF,Springfield Amtrak Station,-5,America/New_York
ZSY,Scottsdale Airport,-7,America/Phoenix
ZTF,Stamford Amtrak Station,-5,America/New_York
ZTY,Boston Back Bay Station,-5,America/New_York
ZUN,Black Rock,-7,America/Denver
ZVE,New Haven Rail Station,-5,America/New_York
ZWI,Wilmington Amtrak Station,-5,America/New_York
ZWU,Washington Union Station,-5,America/New_York
ZYP,Penn Station,-5,America/New_York
